Workbook

Sheet Instructions
B2: Partners of the Americas
B3: Entity-Wide Interest De Minimis Tracker
B5: Purpose
B6: This workbook tracks interest earned on federal cash advances across ALL of Partners of the Americas' federal awards, combined, against the $500-per-year de minimis threshold that a non-Federal entity may retain under 2 CFR § 200.305(b)(9). Any interest earned above $500 per calendar year, entity-wide, must be remitted to appropriate donor agency per the the prime award gudiance at least annually.
B8: Why entity-wide, not per award
B9: The $500 threshold applies once per year to Partners of the Americas as a whole not once per award. If Partners holds five federal awards each earning interest, all five must be combined on this single tracker before the $500 cap is applied.
B11: How to use this workbook
B12: 1. Each month, after completing an award's Interest Allocation Worksheet, enter allocated interest amount as one row on the 'Award Interest Log' tab.
B13: 2. The 'Quarterly De Minimis Tracker' tab automatically totals every award's allocated interest by quarter and calculates the cumulative year-to-date total, the amount retainable under the $500 cap, and the amount that must be remitted.
B14: 3. When a remittance is made, enter the confirmation number, date, and preparer/approver in the blue input cells on the 'Quarterly De Minimis Tracker' tab for that quarter.
B15: 4. Add additional year blocks to the tracker (copy the 4-quarter format) as new calendar years begin.
B17: Which cells to edit
... B21: Interest earned on monetization proceeds is NOT subject to this $500 de minimis rule and is not tracked here; it is treated as an addition to program income and tracked on the award's own sub-ledger.

Sheet Award Interest Log
A1: Award / Agreement Number | B1: Award Name / Program | C1: Country | D1: Calendar Year | E1: Quarter | F1: Month | G1: CCC-Allocated Interest Earned ($) | H1: Source Workpaper Reference | I1: Entered By | J1: Date Entered
A2: FCC-620-2025-009-00 | B2: McGovern-Dole Thailand Dairy Value Chain | C2: Thailand | D2: 2026 | E2: Q1 | F2: March | G2: 180 | H2: Interest Allocation Worksheet - FCC-620-2025-009-00 - March 2026 | I2: J. Smith | J2: 2026-04-05

Sheet Quarterly De Minimis Tracker
A1: Calendar Year | B1: Quarter | C1: Interest Earned This Quarter (All Awards) | D1: Cumulative YTD Interest Earned | E1: Cumulative Retainable (≤ $500 cap) | F1: Cumulative Amount Required to be Remitted | G1: Amount Due to Remit This Quarter | H1: Cumulative Remitted to Date | I1: Remittance Confirmation # | J1: Date Remitted | K1: Prepared By / Approved By
A2: 2025 | B2: Q1 | C2: =SUMIFS('Award Interest Log'!G:G,'Award Interest Log'!D:D,A2,'Award Interest Log'!E:E,B2) -> 0 | D2: =C2 -> 0 | E2: =MIN(500,D2) -> 0 | F2: =MAX(0,D2-500) -> 0 | G2: =F2 -> 0 | H2: =G2 -> 0
A3: 2025 | B3: Q2 | C3: =SUMIFS('Award Interest Log'!G:G,'Award Interest Log'!D:D,A3,'Award Interest Log'!E:E,B3) -> 0 | D3: =D2+C3 -> 0 | E3: =MIN(500,D3) -> 0 | F3: =MAX(0,D3-500) -> 0 | G3: =F3-F2 -> 0 | H3: =H2+G3 -> 0
A4: 2025 | B4: Q3 | C4: =SUMIFS('Award Interest Log'!G:G,'Award Interest Log'!D:D,A4,'Award Interest Log'!E:E,B4) -> 0 | D4: =D3+C4 -> 0 | E4: =MIN(500,D4) -> 0 | F4: =MAX(0,D4-500) -> 0 | G4: =F4-F3 -> 0 | H4: =H3+G4 -> 0
A5: 2025 | B5: Q4 | C5: =SUMIFS('Award Interest Log'!G:G,'Award Interest Log'!D:D,A5,'Award Interest Log'!E:E,B5) -> 0 | D5: =D4+C5 -> 0 | E5: =MIN(500,D5) -> 0 | F5: =MAX(0,D5-500) -> 0 | G5: =F5-F4 -> 0 | H5: =H4+G5 -> 0
A7: 2026 | B7: Q1 | C7: =SUMIFS('Award Interest Log'!G:G,'Award Interest Log'!D:D,A7,'Award Interest Log'!E:E,B7) -> 180 | D7: =C7 -> 180 | E7: =MIN(500,D7) -> 180 | F7: =MAX(0,D7-500) -> 0 | G7: =F7 -> 0 | H7: =G7 -> 0
A8: 2026 | B8: Q2 | C8: =SUMIFS('Award Interest Log'!G:G,'Award Interest Log'!D:D,A8,'Award Interest Log'!E:E,B8) -> 0 | D8: =D7+C8 -> 180 | E8: =MIN(500,D8) -> 180 | F8: =MAX(0,D8-500) -> 0 | G8: =F8-F7 -> 0 | H8: =H7+G8 -> 0
A9: 2026 | B9: Q3 | C9: =SUMIFS('Award Interest Log'!G:G,'Award Interest Log'!D:D,A9,'Award Interest Log'!E:E,B9) -> 0 | D9: =D8+C9 -> 180 | E9: =MIN(500,D9) -> 180 | F9: =MAX(0,D9-500) -> 0 | G9: =F9-F8 -> 0 | H9: =H8+G9 -> 0
A10: 2026 | B10: Q4 | C10: =SUMIFS('Award Interest Log'!G:G,'Award Interest Log'!D:D,A10,'Award Interest Log'!E:E,B10) -> 0 | D10: =D9+C10 -> 180 | E10: =MIN(500,D10) -> 180 | F10: =MAX(0,D10-500) -> 0 | G10: =F10-F9 -> 0 | H10: =H9+G10 -> 0
A13: Legend:
A14: Blue text = input cells (Year, Quarter labels; remittance confirmation #, date, preparer/approver).
A15: Black text = formulas — do not overwrite. Column C pulls automatically from the 'Award Interest Log' tab.
A16: Column G ('Amount Due to Remit This Quarter') is the figure to actually remit via PMS/ASAP.gov for that quarter.
A17: To add a new year, copy the 4-quarter block below the last year and update the Year column; formulas reference the row directly above, so contiguous rows carry the cumulative total forward correctly.
