Workbook

Sheet Resumen
A1: Detalle | B1: Total
A2: 1.Personal (Laboral) | B2: =+'Budget Fundación POA'!AX7 -> 45000000
A3: 2.Prestaciones Sociales | B3: =+'Budget Fundación POA'!AX11 -> 23331600
A4: 3.Viajes y transportes | B4: =+'Budget Fundación POA'!AX16 -> 10000000
A5: 4. Servicios profesionales (consultores) | B5: =+'Budget Fundación POA'!AX21 -> 25000001
A6: 5. Materiales | B6: =+'Budget Fundación POA'!AX26 -> 1000000
A7: Total | B7: =SUM(B2:B6) -> 104331601

Sheet Budget Fundación POA
B1: Mes 1 | F1: Mes 2 | J1: Mes 3 | N1: Mes 4 | R1: Mes 5 | V1: Mes 6 | Z1: Mes 7 | AD1: Mes 8 | AH1: Mes 9 | AL1: Mes 10 | AP1: Mes 11 | AT1: Mes 12
A2: Item | B2: Unidad | C2: Cantidad | D2: Valor unitario Pesos COL$ | E2: Valor total Pesos COL$ | F2: Unidad | G2: Cantidad | H2: Valor unitario Pesos COL$ | I2: Valor total Pesos COL$ | J2: Unidad | K2: Cantidad | L2: Valor unitario Pesos COL$ | M2: Valor total Pesos COL$ | N2: Unidad | O2: Cantidad | P2: Valor unitario Pesos COL$ | Q2: Valor total Pesos COL$ | R2: Unidad | S2: Cantidad | T2: Valor unitario Pesos COL$ | U2: Valor total Pesos COL$ | V2: Unidad | W2: Cantidad | X2: Valor unitario Pesos COL$ | Y2: Valor total Pesos COL$ | Z2: Unidad | AA2: Cantidad | AB2: Valor unitario Pesos COL$ | AC2: Valor total Pesos COL$ | AD2: Unidad | AE2: Cantidad | AF2: Valor unitario Pesos COL$ | AG2: Valor total Pesos COL$ | AH2: Unidad | AI2: Cantidad | AJ2: Valor unitario Pesos COL$ | AK2: Valor total Pesos COL$ | AL2: Unidad | AM2: Cantidad | AN2: Valor unitario Pesos COL$ | AO2: Valor total Pesos COL$ | AP2: Unidad | AQ2: Cantidad | AR2: Valor unitario Pesos COL$ | AS2: Valor total Pesos COL$ | AT2: Unidad | AU2: Cantidad | AV2: Valor unitario Pesos COL$ | AW2: Valor total Pesos COL$ | AX2: Total
A3: 1.Personal (Laboral)
A4: Director | B4: Mes | D4: 3000000 | E4: =C4*D4 -> 0 | F4: Mes | H4: 3000000 | I4: =G4*H4 -> 0 | J4: Mes | K4: 1 | L4: 3000000 | M4: =K4*L4 -> 3000000 | N4: Mes | O4: 1 | P4: 3000000 | Q4: =O4*P4 -> 3000000 | R4: Mes | S4: 1 | T4: 3000000 | U4: =S4*T4 -> 3000000 | V4: Mes | W4: 1 | X4: 3000000 | Y4: =W4*X4 -> 3000000 | Z4: Mes | AA4: 1 | AB4: 3000000 | AC4: =AA4*AB4 -> 3000000 | AD4: Mes | AE4: 1 | AF4: 3000000 | AG4: =AE4*AF4 -> 3000000 | AH4: Mes | AI4: 1 | AJ4: 3000000 | AK4: =AI4*AJ4 -> 3000000 | AL4: Mes | AM4: 1 | AN4: 3000000 | AO4: =AM4*AN4 -> 3000000 | AP4: Mes | AQ4: 1 | AR4: 3000000 | AS4: =AQ4*AR4 -> 3000000 | AT4: Mes | AU4: 1 | AV4: 3000000 | AW4: =AU4*AV4 -> 3000000 | AX4: =+AW4+AS4+AO4+AK4+AG4+AC4+Y4+U4+Q4+M4+I4+E4+D4 -> 33000000
A5: Contador | B5: Mes | D5: 1500000 | E5: =C5*D5 -> 0 | F5: Mes | H5: 1500000 | I5: =G5*H5 -> 0 | J5: Mes | K5: 1 | L5: 1500000 | M5: =K5*L5 -> 1500000 | N5: Mes | O5: 1 | P5: 1500000 | Q5: =O5*P5 -> 1500000 | R5: Mes | S5: 1 | T5: 1500000 | U5: =S5*T5 -> 1500000 | V5: Mes | W5: 1 | X5: 1500000 | Y5: =W5*X5 -> 1500000 | Z5: Mes | AA5: 1 | AB5: 1500000 | AC5: =AA5*AB5 -> 1500000 | AD5: Mes | AE5: 1 | AF5: 1500000 | AG5: =AE5*AF5 -> 1500000 | AH5: Mes | AI5: 1 | AJ5: 1500000 | AK5: =AI5*AJ5 -> 1500000 | AL5: Mes | AM5: 1 | AN5: 1500000 | AO5: =AM5*AN5 -> 1500000 | AP5: Mes | AQ5: 1 | AR5: 1500000 | AS5: =AQ5*AR5 -> 1500000 | AT5: Mes | AU5: 1 | AV5: 1500000 | AW5: =AU5*AV5 -> 1500000 | AX5: =+AW5+AS5+AO5+AK5+AG5+AC5+Y5+U5+Q5+M5+I5+E5+D5 -> 16500000
A7: Subtotal | E7: =SUM(E4:E6) -> 0 | I7: =SUM(I4:I6) -> 0 | M7: =SUM(M4:M6) -> 4500000 | Q7: =SUM(Q4:Q6) -> 4500000 | U7: =SUM(U4:U6) -> 4500000 | Y7: =SUM(Y4:Y6) -> 4500000 | AC7: =SUM(AC4:AC6) -> 4500000 | AG7: =SUM(AG4:AG6) -> 4500000 | AK7: =SUM(AK4:AK6) -> 4500000 | AO7: =SUM(AO4:AO6) -> 4500000 | AS7: =SUM(AS4:AS6) -> 4500000 | AW7: =SUM(AW4:AW6) -> 4500000 | AX7: =+AW7+AS7+AO7+AK7+AG7+AC7+Y7+U7+Q7+M7+I7+E7+D7 -> 45000000
A8: 2.Prestaciones Sociales
A9: Director | B9: Mes | D9: =D4*Prestaciones!C$13% -> 1555440 | E9: =C9*D9 -> 0 | F9: Mes | H9: =H4*Prestaciones!C13% -> 1555440 | I9: =G9*H9 -> 0 | J9: Mes | K9: 1 | L9: 1555440 | M9: =K9*L9 -> 1555440 | N9: Mes | O9: 1 | P9: 1555440 | Q9: =O9*P9 -> 1555440 | R9: Mes | S9: 1 | T9: 1555440 | U9: =S9*T9 -> 1555440 | V9: Mes | W9: 1 | X9: 1555440 | Y9: =W9*X9 -> 1555440 | Z9: Mes | AA9: 1 | AB9: 1555440 | AC9: =AA9*AB9 -> 1555440 | AD9: Mes | AE9: 1 | AF9: 1555440 | AG9: =AE9*AF9 -> 1555440 | AH9: Mes | AI9: 1 | AJ9: 1555440 | AK9: =AI9*AJ9 -> 1555440 | AL9: Mes | AM9: 1 | AN9: 1555440 | AO9: =AM9*AN9 -> 1555440 | AP9: Mes | AQ9: 1 | AR9: 1555440 | AS9: =AQ9*AR9 -> 1555440 | AT9: Mes | AU9: 1 | AV9: 1555440 | AW9: =AU9*AV9 -> 1555440 | AX9: =+AW9+AS9+AO9+AK9+AG9+AC9+Y9+U9+Q9+M9+I9+E9+D9 -> 17109840
A10: Contador | B10: Mes | D10: =D5*Prestaciones!C$13% -> 777720 | E10: =C10*D10 -> 0 | F10: Mes | H10: 777720 | I10: =G10*H10 -> 0 | J10: Mes | K10: 1 | L10: 777720 | M10: =K10*L10 -> 777720 | N10: Mes | O10: 1 | P10: 777720 | Q10: =O10*P10 -> 777720 | R10: Mes | S10: 1 | T10: 777720 | U10: =S10*T10 -> 777720 | V10: Mes | W10: 1 | X10: 777720 | Y10: =W10*X10 -> 777720 | Z10: Mes | AA10: 1 | AB10: 777720 | AC10: =AA10*AB10 -> 777720 | AD10: Mes | AE10: 1 | AF10: 777720 | AG10: =AE10*AF10 -> 777720 | AH10: Mes | AI10: 1 | AJ10: 777720 | AK10: =AI10*AJ10 -> 777720 | AL10: Mes | AM10: 1 | AN10: 777720 | AO10: =AM10*AN10 -> 777720 | AP10: Mes | AQ10: 1 | AR10: 777720 | AS10: =AQ10*AR10 -> 777720 | AT10: Mes | AU10: 1 | AV10: 777720 | AW10: =AU10*AV10 -> 777720 | AX10: =+AW10+AS10+AO10+AK10+AG10+AC10+Y10+U10+Q10+M10+I10+E10+D10 -> 8554920
A11: Subtotal | E11: =SUM(E8:E10) -> 0 | I11: =SUM(I8:I10) -> 0 | M11: =SUM(M8:M10) -> 2333160 | Q11: =SUM(Q8:Q10) -> 2333160 | U11: =SUM(U8:U10) -> 2333160 | Y11: =SUM(Y8:Y10) -> 2333160 | AC11: =SUM(AC8:AC10) -> 2333160 | AG11: =SUM(AG8:AG10) -> 2333160 | AK11: =SUM(AK8:AK10) -> 2333160 | AO11: =SUM(AO8:AO10) -> 2333160 | AS11: =SUM(AS8:AS10) -> 2333160 | AW11: =SUM(AW8:AW10) -> 2333160 | AX11: =+AW11+AS11+AO11+AK11+AG11+AC11+Y11+U11+Q11+M11+I11+E11+D11 -> 23331600
A12: 3.Viajes y transportes
A13: Viajes para gestión donaciones | B13: Mes | D13: 1000000 | E13: =C13*D13 -> 0 | F13: Mes | H13: 1000000 | I13: =G13*H13 -> 0 | J13: Mes | K13: 1 | L13: 1000000 | M13: =K13*L13 -> 1000000 | N13: Mes | O13: 1 | P13: 1000000 | Q13: =O13*P13 -> 1000000 | R13: Mes | S13: 1 | T13: 1000000 | U13: =S13*T13 -> 1000000 | V13: Mes | W13: 1 | X13: 1000000 | Y13: =W13*X13 -> 1000000 | Z13: Mes | AA13: 1 | AB13: 1000000 | AC13: =AA13*AB13 -> 1000000 | AD13: Mes | AE13: 1 | AF13: 1000000 | AG13: =AE13*AF13 -> 1000000 | AH13: Mes | AI13: 1 | AJ13: 1000000 | AK13: =AI13*AJ13 -> 1000000 | AL13: Mes | AM13: 1 | AN13: 1000000 | AO13: =AM13*AN13 -> 1000000 | AP13: Mes | AQ13: 1 | AR13: 1000000 | AS13: =AQ13*AR13 -> 1000000 | AT13: Mes | AU13: 1 | AV13: 1000000 | AW13: =AU13*AV13 -> 1000000 | AX13: =+AW13+AS13+AO13+AK13+AG13+AC13+Y13+U13+Q13+M13+I13+E13+D13 -> 11000000
A16: Subtotal | E16: =SUM(E13:E15) -> 0 | I16: =SUM(I13:I15) -> 0 | M16: =SUM(M13:M15) -> 1000000 | Q16: =SUM(Q13:Q15) -> 1000000 | U16: =SUM(U13:U15) -> 1000000 | Y16: =SUM(Y13:Y15) -> 1000000 | AC16: =SUM(AC13:AC15) -> 1000000 | AG16: =SUM(AG13:AG15) -> 1000000 | AK16: =SUM(AK13:AK15) -> 1000000 | AO16: =SUM(AO13:AO15) -> 1000000 | AS16: =SUM(AS13:AS15) -> 1000000 | AW16: =SUM(AW13:AW15) -> 1000000 | AX16: =+AW16+AS16+AO16+AK16+AG16+AC16+Y16+U16+Q16+M16+I16+E16+D16 -> 10000000
A17: 4. Servicios profesionales (consultores)
A18: Asesores jurídicos | B18: Mes | D18: 2500000 | E18: 1 | F18: Mes | H18: 2500000 | I18: =G18*H18 -> 0 | J18: Mes | K18: 1 | L18: 2500000 | M18: =K18*L18 -> 2500000 | N18: Mes | O18: 1 | P18: 2500000 | Q18: =O18*P18 -> 2500000 | R18: Mes | S18: 1 | T18: 2500000 | U18: =S18*T18 -> 2500000 | V18: Mes | W18: 1 | X18: 2500000 | Y18: =W18*X18 -> 2500000 | Z18: Mes | AA18: 1 | AB18: 2500000 | AC18: =AA18*AB18 -> 2500000 | AD18: Mes | AE18: 1 | AF18: 2500000 | AG18: =AE18*AF18 -> 2500000 | AH18: Mes | AI18: 1 | AJ18: 2500000 | AK18: =AI18*AJ18 -> 2500000 | AL18: Mes | AM18: 1 | AN18: 2500000 | AO18: =AM18*AN18 -> 2500000 | AP18: Mes | AQ18: 1 | AR18: 2500000 | AS18: =AQ18*AR18 -> 2500000 | AT18: Mes | AU18: 1 | AV18: 2500000 | AW18: =AU18*AV18 -> 2500000 | AX18: =+AW18+AS18+AO18+AK18+AG18+AC18+Y18+U18+Q18+M18+I18+E18+D18 -> 27500001
A21: Subtotal | E21: =SUM(E18:E20) -> 1 | I21: =SUM(I18:I20) -> 0 | M21: =SUM(M18:M20) -> 2500000 | Q21: =SUM(Q18:Q20) -> 2500000 | U21: =SUM(U18:U20) -> 2500000 | Y21: =SUM(Y18:Y20) -> 2500000 | AC21: =SUM(AC18:AC20) -> 2500000 | AG21: =SUM(AG18:AG20) -> 2500000 | AK21: =SUM(AK18:AK20) -> 2500000 | AO21: =SUM(AO18:AO20) -> 2500000 | AS21: =SUM(AS18:AS20) -> 2500000 | AW21: =SUM(AW18:AW20) -> 2500000 | AX21: =+AW21+AS21+AO21+AK21+AG21+AC21+Y21+U21+Q21+M21+I21+E21+D21 -> 25000001
A22: 5. Materiales | AX22: =+AW22+AS22+AO22+AK22+AG22+AC22+Y22+U22+Q22+M22+I22+E22+D22 -> 0
A23: Papelería | B23: Mes | D23: 100000 | E23: =C23*D23 -> 0 | F23: Mes | H23: 100000 | I23: =G23*H23 -> 0 | J23: Mes | K23: 1 | L23: 100000 | M23: =K23*L23 -> 100000 | N23: Mes | O23: 1 | P23: 100000 | Q23: =O23*P23 -> 100000 | R23: Mes | S23: 1 | T23: 100000 | U23: =S23*T23 -> 100000 | V23: Mes | W23: 1 | X23: 100000 | Y23: =W23*X23 -> 100000 | Z23: Mes | AA23: 1 | AB23: 100000 | AC23: =AA23*AB23 -> 100000 | AD23: Mes | AE23: 1 | AF23: 100000 | AG23: =AE23*AF23 -> 100000 | AH23: Mes | AI23: 1 | AJ23: 100000 | AK23: =AI23*AJ23 -> 100000 | AL23: Mes | AM23: 1 | AN23: 100000 | AO23: =AM23*AN23 -> 100000 | AP23: Mes | AQ23: 1 | AR23: 100000 | AS23: =AQ23*AR23 -> 100000 | AT23: Mes | AU23: 1 | AV23: 100000 | AW23: =AU23*AV23 -> 100000 | AX23: =+AW23+AS23+AO23+AK23+AG23+AC23+Y23+U23+Q23+M23+I23+E23+D23 -> 1100000
A26: Subtotal | E26: =SUM(E23:E25) -> 0 | I26: =SUM(I23:I25) -> 0 | M26: =SUM(M23:M25) -> 100000 | Q26: =SUM(Q23:Q25) -> 100000 | U26: =SUM(U23:U25) -> 100000 | Y26: =SUM(Y23:Y25) -> 100000 | AC26: =SUM(AC23:AC25) -> 100000 | AG26: =SUM(AG23:AG25) -> 100000 | AK26: =SUM(AK23:AK25) -> 100000 | AO26: =SUM(AO23:AO25) -> 100000 | AS26: =SUM(AS23:AS25) -> 100000 | AW26: =SUM(AW23:AW25) -> 100000 | AX26: =+AW26+AS26+AO26+AK26+AG26+AC26+Y26+U26+Q26+M26+I26+E26+D26 -> 1000000
A27: 5. Costos Directos
A30: Subtotal | E30: =SUM(E28:E29) -> 0 | I30: =SUM(I28:I29) -> 0 | M30: =SUM(M28:M29) -> 0 | Q30: =SUM(Q28:Q29) -> 0 | U30: =SUM(U28:U29) -> 0 | Y30: =SUM(Y28:Y29) -> 0 | AC30: =SUM(AC28:AC29) -> 0 | AG30: =SUM(AG28:AG29) -> 0 | AK30: =SUM(AK28:AK29) -> 0 | AO30: =SUM(AO28:AO29) -> 0 | AS30: =SUM(AS28:AS29) -> 0 | AW30: =SUM(AW28:AW29) -> 0
A31: TOTAL | E31: =E7+E11+E16+E21+E26+E30 -> 1 | I31: =I7+I11+I16+I21+I26+I30 -> 0 | M31: =M7+M11+M16+M21+M26+M30 -> 10433160 | Q31: =Q7+Q11+Q16+Q21+Q26+Q30 -> 10433160 | U31: =U7+U11+U16+U21+U26+U30 -> 10433160 | Y31: =Y7+Y11+Y16+Y21+Y26+Y30 -> 10433160 | AC31: =AC7+AC11+AC16+AC21+AC26+AC30 -> 10433160 | AG31: =AG7+AG11+AG16+AG21+AG26+AG30 -> 10433160 | AK31: =AK7+AK11+AK16+AK21+AK26+AK30 -> 10433160 | AO31: =AO7+AO11+AO16+AO21+AO26+AO30 -> 10433160 | AS31: =AS7+AS11+AS16+AS21+AS26+AS30 -> 10433160 | AW31: =AW7+AW11+AW16+AW21+AW26+AW30 -> 10433160 | AX31: =+AW31+AS31+AO31+AK31+AG31+AC31+Y31+U31+Q31+M31+I31+E31+D31 -> 104331601

Sheet Prestaciones
B3: Salud | C3: 8.5
B4: Pensión | C4: 12
B5: Sena | C5: 2
B6: ICBF | C6: 3
B7: Caja de compesación | C7: 4
B8: Prima | C8: 8.33
B9: Cesantias | C9: 8.33
B10: Intereses Cesantias | C10: 1
B11: Vacaciones | C11: 4.166
B12: ARL Riesgo I | C12: 0.522
B13: Total Prestaciones | C13: =SUM(C3:C12) -> 51.848
